{
  "description": "Get comments of a post and some basic information about the comments. Before you can use this preset, you have to fetch posts or add Facebook IDs of some posts. See the preset named \"Get Facebook posts\".\n\nSee https://developers.facebook.com/docs/graph-api/reference/v3.2/comment for information about available fields.\n\nNotice: When adding fields to the fields-parameter also add them in the column setup to make the data visible in the nodes view.\n\nBy the way: you cannot access data about the author of comments (if you are not the owner of the page).",
  "module": "Facebook",
  "speed": 200,
  "options": {
    "params": {
      "fields": "message, created_time, parent, comment_count, like_count",
      "<post-id>": "<Object ID>"
    },
    "basepath": "https://graph.facebook.com/v3.2",
    "resource": "/<post-id>/comments",
    "pages": 1,
    "scope": ""
  },
  "columns": [
    "message",
    "created_time",
    "like_count",
    "comment_count",
    "error.message"
  ],
  "name": "Get comments"
}
