{
  "description": "Add Facebook-IDs of pages as nodes, e.g. \"Uni.Greifswald.de\". This preset fetches the last 10 posts on a page. You can increase the limit-parameter or increade the maximum pages to get more posts.\n\nTo filter  by date use the parameters \"since\" and \"until\". The until-parameter always has to be one day later, the day starts at 0:00am GMT. For example, set since to \"2019-03-21\" and until to \"2019-03-22\" to limit the result to 21st of March 2019.\n\nIf you want more data than message, created_time and updated_time adjust the fields-parameter. Try things like: attachments, message_tags, type, link, story, permalink_url. If you want data about reactions try the fields from the reactions preset or likes.limit(0).summary(true), comments.limit(0).summary(true), shares.limit(0).summary(true). \n\nSee https://developers.facebook.com/docs/graph-api/reference/v3.2/post for more possibilities. \n\nSee https://developers.facebook.com/docs/graph-api/reference/v3.2/page/feed for an explanation of the difference between feed and posts.\n\nNotice: If you add more fields, also add them in the column setup to make the data visible in the nodes view.",
  "module": "Facebook",
  "speed": 200,
  "options": {
    "resource": "/<page-id>/posts",
    "basepath": "https://graph.facebook.com/v3.2",
    "params": {
      "limit": "20",
      "fields": "message, from, created_time, updated_time",
	  "<page-id>": "<Object ID>"
    },
    "pages": 1,
    "scope": ""
  },
  "columns": [
    "message",
    "created_time",
    "updated_time",
    "error.message"
  ],
  "name": "Get Facebook posts"
}
