{
  "description": "By geocoding you get the latitude and longitude of an address. The Google Maps API offers geocoding (as well as reverse geocoding).\n\nYou need an Google API key, see https://developers.google.com/maps/documentation/geocoding/start\n\nAdd addresses as node, enter your API key in the parameters and fetch data.\n\nBe aware of request limits (at the time of this writing 2500 requests per day and 50 requests per second): https://developers.google.com/maps/documentation/geocoding/usage-limits",
  "module": "Generic",
  "category": "Google Maps",
  "speed": 200,
  "options": {
    "resource": "/maps/api/geocode/json",
    "objectid": "formatted_address",
    "basepath": "https://maps.googleapis.com",
    "headers": {},
    "params": {
      "key": "YOUR_GOOGLE_API_KEY_HERE",
      "address": "<Object ID>"
    },
    "nodedata": "results"
  },
  "columns": [
    "name"
  ],
  "name": "Geocoding"
}
