{
  "description": "Get the names, descriptions, birthdays and if available thumbnail images of scientists who have birthday today. The results are limited to English and to the 10 oldest scientists. This preset is compatible with Facepager v3.9.2 or newer. \n\nAdd an arbitrary node and fetch data. The node name doesn't matter as it is not used in the query. Suggestion: add dates as node names and adjust the query to get scientists who have birthday at a specific date.\n\nDBPedia is like Wikidata a semantic web version of Wikipedia. On the semantic web data is organizied according to the Resource Decription Framework (RDF). The preset retrieves data from the SPARQL endpoint of DBPedia. DBPedia mainly consists of content scrapted from the info boxes of Wikipedia. With limiting to english names and descriptions the results should reflect the English Wikipedia.\n\nSee https://wiki.dbpedia.org/ for details about DBPedia. If you are not familiar with semantic web technology consider reading Wikipedia articles about the Resource Description Framework and about SPARQL.\n\nThe example query was taken from an OpenHPI course: https://open.hpi.de/courses/semanticweb2017/\n\nPay attention on how the SPARQL query is formulated. Since angle brackets signify placeholders in Facepager they have to be masked with a backslash. If you need a backslash in your query, mask it by another backslash. To use the name of a node or data of previously fetched nodes in your query user placeholders (see the Facepager help).\n",
  "module": "Generic",
  "category": "DBPedia",
  "speed": 200,
  "options": {
    "resource": "/sparql",
    "objectid": "scientist.value",
    "basepath": "http://dbpedia.org",
    "headers": {},
    "params": {
      "default-graph-uri": "http://dbpedia.org",
      "query": "PREFIX rdf: \\<http://www.w3.org/1999/02/22-rdf-syntax-ns#\\>\nPREFIX dbo: \\<http://dbpedia.org/ontology/\\>\nPREFIX rdfs: \\<http://www.w3.org/2000/01/rdf-schema#\\>\nPREFIX dc:  \\<http://purl.org/dc/elements/1.1/\\>\n\nSelect distinct ?birthdate ?thumbnail ?scientist ?name ?description  WHERE {\n?scientist rdf:type dbo:Scientist ;\n        dbo:birthDate ?birthdate ;\n        rdfs:label ?name ;\n        rdfs:comment ?description \n FILTER ((lang(?name)=\"en\")&&(lang(?description)=\"en\")&&(STRLEN(STR(?birthdate))>6)&&(SUBSTR(STR(?birthdate),6)=SUBSTR(STR(bif:curdate('')),6))) .\n OPTIONAL { ?scientist dbo:thumbnail ?thumbnail . }\n} ORDER BY ?birthdate LIMIT 10",
      "format": "application/sparql-results+json"
    },
    "nodedata": "results.bindings"
  },
  "columns": [
    "name.value",
    "description.value",
    "birthdate.value",
    "thumbnail.value"
  ],
  "name": "Scientists who have birthday today"
}
