{
  "category": "Twitter",
  "columns": [
    "retweet_count",
    "favorite_count",
    "retweeted_status.id",
    "quoted_status.id",
    "in_reply_to_status_id_str",
    "in_reply_to_user_id",
    "entities.user_mentions.*.id_str",
    "entities.hashtags.*.text",
    "entities.urls.*.url",
    "entities.symbols"
  ],
  "description": "Add user ids as nodes and fetch data.\n\nAlternatively you can add the screen_name and switch the parameter \"user_id\" to \"screen_name\".\n\nAdjust count-parameter and maximum pages to get more than 200 tweets. The API returns up to 3200 tweets.\n\nSee https://developer.twitter.com/en/docs/tweets/timelines/api-reference/get-statuses-user_timeline for further information.",
  "headers": false,
  "module": "Twitter",
  "name": "Get tweets of user",
  "options": {
    "basepath": "https://api.twitter.com/1.1",
    "key_paging": null,
    "nodedata": null,
    "objectid": "id",
    "pages": 1,
    "param_paging": null,
    "params": {
      "count": "200",
      "include_rts": "1",
      "user_id": "<Object ID>"
    },
    "resource": "/statuses/user_timeline"
  },
  "speed": 200
}