{
  "description": "Add user names as nodes (without the @). Each user has a numeric ID as well. In case you work with the numeric ID switch the parameter \"screen_name\" to \"user_id\".\n\nThis preset gives you some basic information about the user. See the detail section and add new columns if you like.\n\nSee https://developer.twitter.com/en/docs/accounts-and-users/follow-search-get-users/api-reference/get-users-show for information about parameters.",
  "module": "Twitter",
  "speed": 200,
  "options": {
    "resource": "/users/show",
    "basepath": "https://api.twitter.com/1.1",
    "params": {
      "screen_name": "<Object ID>"
    },
    "pages": 1
  },
  "columns": [
    "id",
    "name",
    "screen_name",
    "created_at",
    "description",
    "location",
    "lang"
  ],
  "name": "Get information about users"
}
