{
  "category": "YouTube",
  "columns": [
    "id.videoId",
    "snippet.title",
    "snippet.description",
    "snippet.channelId",
    "snippet.channelTitle"
  ],
  "description": "Add a video IDs as a node. You can use the search preset to get video IDs or get one from the last part of a video URL. For example add O2t8EDyBPPs to get comments to the video https://www.youtube.com/watch?v=O2t8EDyBPPs. By the way: the video is very much related to this preset, you should definitely watch it. \n\nThis preset returns 50 videos, related to the video you entered as a node.\n\nSee https://developers.google.com/youtube/v3/docs/search/list for information about parameters.\n\nOverview about YouTube Data API reference: https://developers.google.com/youtube/v3/docs/",
  "headers": false,
  "module": "YouTube",
  "name": "Get related videos",
  "options": {
    "basepath": "https://www.googleapis.com/youtube/v3",
    "resource": "/search",
    "params": {
      "maxResults": "50",
      "part": "snippet",
      "relatedToVideoId": "<Object ID>",
      "type": "video"
    },
    "pages": 1,
    "paging_type": null,
    "key_paging": "nextPageToken",
    "param_paging": "pageToken",
    "offset_start": 1,
    "offset_step": 1,
    "objectid": "id.videoId",
    "nodedata": "items",
    "scope": "https://www.googleapis.com/auth/youtube.force-ssl https://www.googleapis.com/auth/youtube.readonly https://www.googleapis.com/auth/youtube",
    "auth_uri": "https://accounts.google.com/o/oauth2/auth",
    "redirect_uri": "https://localhost",
    "token_uri": "https://accounts.google.com/o/oauth2/token",
    "auth": "param"
  },
  "speed": 200
}
